form_type,page,key,value,unit
customer_request,1,customer_name,SYNTHETIC SECOND FORM - Example Grid Labs,
customer_request,1,customer_address,"Fictional site, Mysuru",
customer_request,1,manufacturer,SYNTHETIC DEMO Manufacturer B,
customer_request,1,sample_description,Fictional 250 kVA 11 kV/433 V Dyn11 transformer - second unit,
customer_request,1,rated_power,,
customer_request,1,rated_hv,,
customer_request,1,rated_lv,,
customer_request,1,phases,,
customer_request,1,frequency,,
customer_request,1,winding_material,,
customer_request,1,sealed,,
customer_request,1,installation,,
customer_request,1,cooling,,
customer_request,1,tap_range,,
customer_request,1,tap_count,,
customer_request,1,serial_number,SYN-2042,
customer_request,1,efficiency_level,,
customer_request,1,drawing_numbers,SYN-DWG-001,
customer_request,1,customer_requirement,,
customer_request,1,evaluation_criteria,,
customer_request,1,sample_count,,
customer_request,1,return_sample,,
customer_request,1,scrap_sample,,
customer_request,1,requested_test,"['routine_test', 'short_circuit', 'loss_measurement', 'loss_calculation', 'transformer_proforma', 'temperature_rise', 'pressure_oil_leakage']",
customer_request,1,mounting_instructions,,
customer_request,1,witness_name,Synthetic witness,
customer_request,1,witness_capacity,,
customer_request,1,dispatch_to,,
customer_request,1,dispatch_mode,,
customer_request,1,additional_reports,,
customer_request,2,msme_discount,,
customer_request,2,conformity_requested,,
customer_request,2,decision_rule_standard,,
customer_request,2,decision_rule_customer,,
customer_request,2,decision_rule_uncertainty,,
customer_request,2,customer_signature_present,,
customer_request,3,sample_suitable,Suitable for test,
customer_request,3,sample_unsuitable,,
customer_request,3,continue_testing,,
customer_request,3,do_not_continue,,
customer_request,3,lab_capable,,
customer_request,3,external_services,,
customer_request,3,acceptance_signature_present,,
customer_request,3,deviations,,
customer_request,3,customer_communication,,
customer_request,3,test_engineer_signature,,
customer_request,3,customer_signature,,
work_instruction,1,test_series,,
work_instruction,1,sample_code,,
work_instruction,1,customer,,
work_instruction,1,customer_reference,,
work_instruction,1,sample_description,,
work_instruction,1,mounting_instructions,,
work_instruction,1,special_instructions,,
work_instruction,1,test_date,,
work_instruction,1,customer_requirement,,
work_instruction,1,requested_tests,,
work_instruction,1,standard,Synthetic demo specification; CPRI adoption pending,
work_instruction,1,latest_standard,,
work_instruction,1,standard_deviation,,
work_instruction,1,assigned_to,Demo station engineer,
work_instruction,1,authorised_signature_present,,
work_instruction,1,authorised_date,,
work_instruction,1,completed_date,,
work_instruction,1,report_engineer,,
work_instruction,1,deviations,,
work_instruction,1,discrepancy_resolution,,
work_instruction,1,completion_signature_present,,
work_instruction,1,resolution_signature_present,,
transformer_proforma,1,test_series,SYN-SERIES-002,
transformer_proforma,1,sample_code,SYN-UNSEEN-002,
transformer_proforma,1,sealed,,
transformer_proforma,1,non_sealed,,
transformer_proforma,1,oil_immersed,,
transformer_proforma,1,dry_type,,
transformer_proforma,1,indoor,,
transformer_proforma,1,outdoor,,
transformer_proforma,1,serial_number,,
transformer_proforma,1,description,,
transformer_proforma,1,rated_power,250,kVA
transformer_proforma,1,rated_hv,11000,V
transformer_proforma,1,rated_lv,433,V
transformer_proforma,1,highest_voltage,,
transformer_proforma,1,hv_impulse,,
transformer_proforma,1,hv_ac,,
transformer_proforma,1,lv_ac,,
transformer_proforma,1,impedance_at_75,4.5,%
transformer_proforma,1,impedance_high_tap_at_75,,
transformer_proforma,1,impedance_low_tap_at_75,,
transformer_proforma,1,declared_ratio_principal,,
transformer_proforma,1,phases,3,
transformer_proforma,1,frequency,50,Hz
transformer_proforma,1,vector_group,Dyn11,
transformer_proforma,1,efficiency_level,,
transformer_proforma,1,cooling,ONAN,
transformer_proforma,1,tap_range,+5% to -10%,
transformer_proforma,1,tap_step,2.5%,
transformer_proforma,1,no_load_loss,,
transformer_proforma,1,load_loss,,
transformer_proforma,1,guaranteed_total_loss_50,980,W
transformer_proforma,1,guaranteed_total_loss_100,2930,W
transformer_proforma,1,noise_limit,,
transformer_proforma,1,oil_volume,,
transformer_proforma,1,manufacture_month,,
transformer_proforma,1,signature_present,,
transformer_proforma,1,signature_date,,
transformer_proforma,2,test_series,SYN-SERIES-002,
transformer_proforma,2,sample_code,SYN-UNSEEN-002,
transformer_proforma,2,copper,,
transformer_proforma,2,aluminium,,
transformer_proforma,2,circular,Ticked,
transformer_proforma,2,non_circular,,
transformer_proforma,2,crgo,,
transformer_proforma,2,amorphous,,
transformer_proforma,2,lv_winding,,
transformer_proforma,2,hv_winding,,
transformer_proforma,2,test_1,,
transformer_proforma,2,test_2,,
transformer_proforma,2,test_3,,
transformer_proforma,2,test_4,,
transformer_proforma,2,test_5,,
transformer_proforma,2,test_6,,
transformer_proforma,2,test_7,,
transformer_proforma,2,standard,,
transformer_proforma,2,customer_instructions,,
transformer_proforma,2,dry_insulation_class,,
transformer_proforma,2,tank_plain,,
transformer_proforma,2,tank_corrugated,,
transformer_proforma,2,guaranteed_temp_rise_1,35,K
transformer_proforma,2,guaranteed_temp_rise_2,40,K
transformer_proforma,2,signature_date,,
transformer_proforma,2,signature_present,,
loss_calculation,1,software_version,v2.17,
loss_calculation,1,series,SYN-SERIES-002,
loss_calculation,1,sample_code,SYN-UNSEEN-002,
loss_calculation,1,rated_power,250,kVA
loss_calculation,1,rated_hv,11000,V
loss_calculation,1,rated_lv,433,V
loss_calculation,1,efficiency_level,1,
loss_calculation,1,phases,3,
loss_calculation,1,material,Cu,
loss_calculation,1,tap_range,+5% to -10%,
loss_calculation,1,tap_step,2.5,
loss_calculation,1,guarantee_50,980,W
loss_calculation,1,guarantee_100,2930,W
loss_calculation,1,reference_temperature,75,
loss_calculation,1,test_engineer_signature_present,False,
loss_calculation,1,no_load.0.stage,BT,
loss_calculation,1,no_load.0.V,435.6483,V
loss_calculation,1,no_load.0.I,1.7042,A
loss_calculation,1,no_load.0.P,381.2641,W
loss_calculation,1,no_load.0.f,49.95,Hz
loss_calculation,1,no_load.1.stage,AT,
loss_calculation,1,no_load.1.V,435.6181,V
loss_calculation,1,no_load.1.I,1.7022,A
loss_calculation,1,no_load.1.P,381.3437,W
loss_calculation,1,no_load.1.f,49.99,Hz
loss_calculation,1,half_load.0.stage,BT,
loss_calculation,1,half_load.0.V,139.8114,V
loss_calculation,1,half_load.0.I,6.4258,A
loss_calculation,1,half_load.0.P,450.1286,W
loss_calculation,1,half_load.0.f,49.885,Hz
loss_calculation,1,half_load.1.stage,AT,
loss_calculation,1,half_load.1.V,141.0048,V
loss_calculation,1,half_load.1.I,6.4613,A
loss_calculation,1,half_load.1.P,455.3712,W
loss_calculation,1,half_load.1.f,49.968,Hz
loss_calculation,1,lv_resistance.0.stage,BT,
loss_calculation,1,lv_resistance.0.R1,3.8445,mOhm
loss_calculation,1,lv_resistance.0.R2,3.8998,mOhm
loss_calculation,1,lv_resistance.0.R3,3.8840,mOhm
loss_calculation,1,lv_resistance.0.temperature,24.4036,degC
loss_calculation,1,lv_resistance.1.stage,AT,
loss_calculation,1,lv_resistance.1.R1,3.8697,mOhm
loss_calculation,1,lv_resistance.1.R2,3.9194,mOhm
loss_calculation,1,lv_resistance.1.R3,3.9013,mOhm
loss_calculation,1,lv_resistance.1.temperature,25.5892,degC
loss_calculation,1,hv_resistance.0.stage,NTBT,
loss_calculation,1,hv_resistance.0.R1,3.9935,Ohm
loss_calculation,1,hv_resistance.0.R2,3.9004,Ohm
loss_calculation,1,hv_resistance.0.R3,3.8896,Ohm
loss_calculation,1,hv_resistance.1.stage,NTAT,
loss_calculation,1,hv_resistance.1.R1,4.0089,Ohm
loss_calculation,1,hv_resistance.1.R2,3.9178,Ohm
loss_calculation,1,hv_resistance.1.R3,3.9047,Ohm
loss_calculation,1,hv_resistance.2.stage,HTBT,
loss_calculation,1,hv_resistance.2.R1,4.1566,Ohm
loss_calculation,1,hv_resistance.2.R2,4.1027,Ohm
loss_calculation,1,hv_resistance.2.R3,4.2293,Ohm
loss_calculation,1,hv_resistance.3.stage,HTAT,
loss_calculation,1,hv_resistance.3.R1,4.1736,Ohm
loss_calculation,1,hv_resistance.3.R2,4.1190,Ohm
loss_calculation,1,hv_resistance.3.R3,4.2513,Ohm
loss_calculation,1,hv_resistance.4.stage,LTBT,
loss_calculation,1,hv_resistance.4.R1,3.5157,Ohm
loss_calculation,1,hv_resistance.4.R2,3.5575,Ohm
loss_calculation,1,hv_resistance.4.R3,3.5742,Ohm
loss_calculation,1,hv_resistance.5.stage,LTAT,
loss_calculation,1,hv_resistance.5.R1,3.5291,Ohm
loss_calculation,1,hv_resistance.5.R2,3.5718,Ohm
loss_calculation,1,hv_resistance.5.R3,3.5907,Ohm
loss_calculation,1,load_measurement.0.stage,NTBT,
loss_calculation,1,load_measurement.0.V1,271.3320,V
loss_calculation,1,load_measurement.0.V2,272.5174,V
loss_calculation,1,load_measurement.0.V3,265.4653,V
loss_calculation,1,load_measurement.0.I1,12.9220,A
loss_calculation,1,load_measurement.0.I2,12.6035,A
loss_calculation,1,load_measurement.0.I3,12.3622,A
loss_calculation,1,load_measurement.0.P1,574.0302,W
loss_calculation,1,load_measurement.0.P2,576.9528,W
loss_calculation,1,load_measurement.0.P3,534.9740,W
loss_calculation,1,load_measurement.0.f,49.886,Hz
loss_calculation,1,load_measurement.1.stage,NTAT,
loss_calculation,1,load_measurement.1.V1,277.0048,V
loss_calculation,1,load_measurement.1.V2,277.9172,V
loss_calculation,1,load_measurement.1.V3,271.4872,V
loss_calculation,1,load_measurement.1.I1,13.1559,A
loss_calculation,1,load_measurement.1.I2,12.8186,A
loss_calculation,1,load_measurement.1.I3,12.6011,A
loss_calculation,1,load_measurement.1.P1,594.0588,W
loss_calculation,1,load_measurement.1.P2,598.6992,W
loss_calculation,1,load_measurement.1.P3,560.0874,W
loss_calculation,1,load_measurement.1.f,49.959,Hz
loss_calculation,1,load_measurement.2.stage,HTBT,
loss_calculation,1,load_measurement.2.V1,270.9890,V
loss_calculation,1,load_measurement.2.V2,271.4707,V
loss_calculation,1,load_measurement.2.V3,273.3345,V
loss_calculation,1,load_measurement.2.I1,11.8159,A
loss_calculation,1,load_measurement.2.I2,11.7734,A
loss_calculation,1,load_measurement.2.I3,11.2619,A
loss_calculation,1,load_measurement.2.P1,504.4936,W
loss_calculation,1,load_measurement.2.P2,502.0079,W
loss_calculation,1,load_measurement.2.P3,482.3876,W
loss_calculation,1,load_measurement.2.f,49.876,Hz
loss_calculation,1,load_measurement.3.stage,HTAT,
loss_calculation,1,load_measurement.3.V1,268.2340,V
loss_calculation,1,load_measurement.3.V2,268.9213,V
loss_calculation,1,load_measurement.3.V3,270.3779,V
loss_calculation,1,load_measurement.3.I1,11.6581,A
loss_calculation,1,load_measurement.3.I2,11.6322,A
loss_calculation,1,load_measurement.3.I3,11.1265,A
loss_calculation,1,load_measurement.3.P1,494.7325,W
loss_calculation,1,load_measurement.3.P2,487.4990,W
loss_calculation,1,load_measurement.3.P3,474.0616,W
loss_calculation,1,load_measurement.3.f,49.944,Hz
loss_calculation,1,load_measurement.4.stage,LTBT,
loss_calculation,1,load_measurement.4.V1,249.8033,V
loss_calculation,1,load_measurement.4.V2,250.3166,V
loss_calculation,1,load_measurement.4.V3,247.3806,V
loss_calculation,1,load_measurement.4.I1,14.3026,A
loss_calculation,1,load_measurement.4.I2,14.4270,A
loss_calculation,1,load_measurement.4.I3,14.0517,A
loss_calculation,1,load_measurement.4.P1,624.5600,W
loss_calculation,1,load_measurement.4.P2,605.8237,W
loss_calculation,1,load_measurement.4.P3,582.9267,W
loss_calculation,1,load_measurement.4.f,49.878,Hz
loss_calculation,1,load_measurement.5.stage,LTAT,
loss_calculation,1,load_measurement.5.V1,245.0361,V
loss_calculation,1,load_measurement.5.V2,246.3955,V
loss_calculation,1,load_measurement.5.V3,243.2394,V
loss_calculation,1,load_measurement.5.I1,13.9908,A
loss_calculation,1,load_measurement.5.I2,14.1325,A
loss_calculation,1,load_measurement.5.I3,13.7677,A
loss_calculation,1,load_measurement.5.P1,599.5910,W
loss_calculation,1,load_measurement.5.P2,584.6020,W
loss_calculation,1,load_measurement.5.P3,561.2072,W
loss_calculation,1,load_measurement.5.f,49.955,Hz
loss_calculation,1,calculated.0.stage,,
loss_calculation,1,calculated.0.Z75,4.444455,
loss_calculation,1,calculated.0.X50,4.362891,
loss_calculation,1,calculated.0.Xchange,,
loss_calculation,1,calculated.0.Rhv,7.040641,
loss_calculation,1,calculated.0.Rlv,2.315970,
loss_calculation,1,calculated.0.load_loss_100,2117.862000,
loss_calculation,1,calculated.0.XR75,5.150112,
loss_calculation,1,calculated.0.Isc_peak,,
loss_calculation,1,calculated.0.Isc_rms,,
loss_calculation,1,calculated.0.stray_loss,133.481172,
loss_calculation,1,calculated.0.load_loss_50,541.389000,
loss_calculation,1,calculated.0.total_loss_50,922.653100,
loss_calculation,1,calculated.0.total_loss_100,2499.126100,
loss_calculation,1,calculated.1.stage,,
loss_calculation,1,calculated.1.Z75,4.450345,
loss_calculation,1,calculated.1.X50,4.369205,
loss_calculation,1,calculated.1.Xchange,,
loss_calculation,1,calculated.1.Rhv,7.037317,
loss_calculation,1,calculated.1.Rlv,2.317817,
loss_calculation,1,calculated.1.load_loss_100,2116.627000,
loss_calculation,1,calculated.1.XR75,5.160575,
loss_calculation,1,calculated.1.Isc_peak,,
loss_calculation,1,calculated.1.Isc_rms,,
loss_calculation,1,calculated.1.stray_loss,132.195696,
loss_calculation,1,calculated.1.load_loss_50,540.235000,
loss_calculation,1,calculated.1.total_loss_50,921.578700,
loss_calculation,1,calculated.1.total_loss_100,2497.970700,
loss_calculation,1,calculated.2.stage,,
loss_calculation,1,calculated.2.Z75,4.417706,
loss_calculation,1,calculated.2.X50,4.343001,
loss_calculation,1,calculated.2.Xchange,,
loss_calculation,1,calculated.2.Rhv,7.461939,
loss_calculation,1,calculated.2.Rlv,2.315970,
loss_calculation,1,calculated.2.load_loss_100,2022.582000,
loss_calculation,1,calculated.2.XR75,5.368139,
loss_calculation,1,calculated.2.Isc_peak,,
loss_calculation,1,calculated.2.Isc_rms,,
loss_calculation,1,calculated.2.stray_loss,85.104603,
loss_calculation,1,calculated.2.load_loss_50,,
loss_calculation,1,calculated.2.total_loss_50,,
loss_calculation,1,calculated.2.total_loss_100,2403.846100,
loss_calculation,1,calculated.3.stage,,
loss_calculation,1,calculated.3.Z75,4.421456,
loss_calculation,1,calculated.3.X50,4.347292,
loss_calculation,1,calculated.3.Xchange,,
loss_calculation,1,calculated.3.Rhv,7.461112,
loss_calculation,1,calculated.3.Rlv,2.317817,
loss_calculation,1,calculated.3.load_loss_100,2021.200000,
loss_calculation,1,calculated.3.XR75,5.377117,
loss_calculation,1,calculated.3.Isc_peak,,
loss_calculation,1,calculated.3.Isc_rms,,
loss_calculation,1,calculated.3.stray_loss,83.246469,
loss_calculation,1,calculated.3.load_loss_50,,
loss_calculation,1,calculated.3.total_loss_50,,
loss_calculation,1,calculated.3.total_loss_100,2402.543700,
loss_calculation,1,calculated.4.stage,,
loss_calculation,1,calculated.4.Z75,4.491852,
loss_calculation,1,calculated.4.X50,4.402618,
loss_calculation,1,calculated.4.Xchange,,
loss_calculation,1,calculated.4.Rhv,6.361821,
loss_calculation,1,calculated.4.Rlv,2.315970,
loss_calculation,1,calculated.4.load_loss_100,2222.949000,
loss_calculation,1,calculated.4.XR75,4.951326,
loss_calculation,1,calculated.4.Isc_peak,,
loss_calculation,1,calculated.4.Isc_rms,,
loss_calculation,1,calculated.4.stray_loss,98.502092,
loss_calculation,1,calculated.4.load_loss_50,,
loss_calculation,1,calculated.4.total_loss_50,,
loss_calculation,1,calculated.4.total_loss_100,2604.213100,
loss_calculation,1,calculated.5.stage,,
loss_calculation,1,calculated.5.Z75,4.500674,
loss_calculation,1,calculated.5.X50,4.412183,
loss_calculation,1,calculated.5.Xchange,,
loss_calculation,1,calculated.5.Rhv,6.359364,
loss_calculation,1,calculated.5.Rlv,2.317817,
loss_calculation,1,calculated.5.load_loss_100,2222.844000,
loss_calculation,1,calculated.5.XR75,4.962318,
loss_calculation,1,calculated.5.Isc_peak,,
loss_calculation,1,calculated.5.Isc_rms,,
loss_calculation,1,calculated.5.stray_loss,98.301950,
loss_calculation,1,calculated.5.load_loss_50,,
loss_calculation,1,calculated.5.total_loss_50,,
loss_calculation,1,calculated.5.total_loss_100,2604.187700,
routine_test,1,series,SYN-SERIES-002,
routine_test,1,sample_code,SYN-UNSEEN-002,
routine_test,1,customer,SYNTHETIC SECOND FORM - Example Grid Labs,
routine_test,1,date_BT,07-10-2026,
routine_test,1,date_AT,07-10-2026,
routine_test,1,rated_power,,
routine_test,1,phases,,
routine_test,1,serial,,
routine_test,1,ambient_BT,,
routine_test,1,ambient_AT,,
routine_test,1,humidity_BT,,
routine_test,1,humidity_AT,,
routine_test,1,type,,
routine_test,1,vector_group_BT,,
routine_test,1,vector_group_AT,,
routine_test,1,ir_hv_earth_BT,1.27,GΩ
routine_test,1,ir_hv_earth_AT,1.25,GΩ
routine_test,1,ir_lv_earth_BT,1.33,GΩ
routine_test,1,ir_lv_earth_AT,1.24,GΩ
routine_test,1,ir_hv_lv_BT,1.31,GΩ
routine_test,1,ir_hv_lv_AT,1.29,GΩ
routine_test,1,induced_voltage_BT,866,V
routine_test,1,induced_voltage_AT,866,V
routine_test,1,induced_current_BT,,
routine_test,1,induced_current_AT,,
routine_test,1,induced_frequency_BT,100,Hz
routine_test,1,induced_frequency_AT,100,Hz
routine_test,1,induced_duration_BT,60,s
routine_test,1,induced_duration_AT,60,s
routine_test,1,induced_observation_BT,"No disruptive discharge, withstood",
routine_test,1,induced_observation_AT,"No disruptive discharge, withstood",
routine_test,1,hv_voltage_BT,28,kV
routine_test,1,hv_voltage_AT,28,kV
routine_test,1,hv_duration_BT,60,s
routine_test,1,hv_duration_AT,60,s
routine_test,1,hv_current_BT,,
routine_test,1,hv_current_AT,,
routine_test,1,lv_voltage_BT,3,kV
routine_test,1,lv_voltage_AT,3,kV
routine_test,1,lv_duration_BT,60,s
routine_test,1,lv_duration_AT,60,s
routine_test,1,lv_current_BT,,
routine_test,1,lv_current_AT,,
routine_test,1,hv_observation_BT,"No disruptive discharge, withstood",
routine_test,1,hv_observation_AT,"No disruptive discharge, withstood",
routine_test,1,lv_observation_BT,"No disruptive discharge, withstood",
routine_test,1,lv_observation_AT,"No disruptive discharge, withstood",
routine_test,1,customer_signature_present,,
routine_test,1,engineer_signature_present,,
routine_test,1,instrument_serials,SYN-INSTR-001,
routine_test,1,ratio.0.tap,H,
routine_test,1,ratio.0.BT_A,46.20,
routine_test,1,ratio.0.BT_B,46.18,
routine_test,1,ratio.0.BT_C,46.23,
routine_test,1,ratio.0.AT_A,46.28,
routine_test,1,ratio.0.AT_B,46.26,
routine_test,1,ratio.0.AT_C,46.31,
routine_test,1,ratio.1.tap,2,
routine_test,1,ratio.1.BT_A,45.10,
routine_test,1,ratio.1.BT_B,45.08,
routine_test,1,ratio.1.BT_C,45.13,
routine_test,1,ratio.1.AT_A,45.18,
routine_test,1,ratio.1.AT_B,45.16,
routine_test,1,ratio.1.AT_C,45.21,
routine_test,1,ratio.2.tap,3,
routine_test,1,ratio.2.BT_A,44.55,
routine_test,1,ratio.2.BT_B,44.53,
routine_test,1,ratio.2.BT_C,44.58,
routine_test,1,ratio.2.AT_A,44.63,
routine_test,1,ratio.2.AT_B,44.61,
routine_test,1,ratio.2.AT_C,44.66,
routine_test,1,ratio.3.tap,N,
routine_test,1,ratio.3.BT_A,44.02,
routine_test,1,ratio.3.BT_B,43.98,
routine_test,1,ratio.3.BT_C,44.03,
routine_test,1,ratio.3.AT_A,44.10,
routine_test,1,ratio.3.AT_B,44.06,
routine_test,1,ratio.3.AT_C,44.11,
routine_test,1,ratio.4.tap,5,
routine_test,1,ratio.4.BT_A,42.90,
routine_test,1,ratio.4.BT_B,42.88,
routine_test,1,ratio.4.BT_C,42.93,
routine_test,1,ratio.4.AT_A,42.98,
routine_test,1,ratio.4.AT_B,42.96,
routine_test,1,ratio.4.AT_C,43.01,
routine_test,1,ratio.5.tap,6,
routine_test,1,ratio.5.BT_A,41.80,
routine_test,1,ratio.5.BT_B,41.78,
routine_test,1,ratio.5.BT_C,41.83,
routine_test,1,ratio.5.AT_A,41.88,
routine_test,1,ratio.5.AT_B,41.86,
routine_test,1,ratio.5.AT_C,41.91,
routine_test,1,ratio.6.tap,L,
routine_test,1,ratio.6.BT_A,39.60,
routine_test,1,ratio.6.BT_B,39.58,
routine_test,1,ratio.6.BT_C,39.63,
routine_test,1,ratio.6.AT_A,39.68,
routine_test,1,ratio.6.AT_B,39.66,
routine_test,1,ratio.6.AT_C,39.71,
short_circuit,1,series,SYN-SERIES-002,
short_circuit,1,sample_code,SYN-UNSEEN-002,
short_circuit,1,date,07-10-2026,
short_circuit,1,condition_before,No abnormalities,
short_circuit,1,no_visible_defects_confirmed,,
short_circuit,1,overall_engineer_verdict,,
short_circuit,1,rating,,
short_circuit,1,voltage,,
short_circuit,1,bay,,
short_circuit,1,required_normal_rms,,
short_circuit,1,required_normal_peak,,
short_circuit,1,required_high_rms,,
short_circuit,1,required_high_peak,,
short_circuit,1,required_low_rms,,
short_circuit,1,required_low_peak,,
short_circuit,1,during_test,No abnormalities,
short_circuit,1,after_test,No abnormalities,
short_circuit,1,conductor_core_clamps,No visible damage,
short_circuit,1,spacers,Intact,
short_circuit,1,oil,Clear,
short_circuit,1,customer_signature_present,,
short_circuit,1,engineer_signature_present,,
short_circuit,1,shots.0.osc,,
short_circuit,1,shots.0.dial,,
short_circuit,1,shots.0.U,,
short_circuit,1,shots.0.V,,
short_circuit,1,shots.0.W,,
short_circuit,1,shots.0.tap,,
short_circuit,1,shots.0.peak,12.3,kA
short_circuit,1,shots.0.rms_U,,
short_circuit,1,shots.0.rms_V,,
short_circuit,1,shots.0.rms_W,,
short_circuit,1,shots.0.rms_avg,,
short_circuit,1,shots.0.duration,,
short_circuit,1,shots.0.SE,,
short_circuit,1,shots.1.osc,,
short_circuit,1,shots.1.dial,,
short_circuit,1,shots.1.U,,
short_circuit,1,shots.1.V,,
short_circuit,1,shots.1.W,,
short_circuit,1,shots.1.tap,,
short_circuit,1,shots.1.peak,,
short_circuit,1,shots.1.rms_U,,
short_circuit,1,shots.1.rms_V,,
short_circuit,1,shots.1.rms_W,,
short_circuit,1,shots.1.rms_avg,,
short_circuit,1,shots.1.duration,,
short_circuit,1,shots.1.SE,,
short_circuit,1,shots.2.osc,,
short_circuit,1,shots.2.dial,,
short_circuit,1,shots.2.U,,
short_circuit,1,shots.2.V,,
short_circuit,1,shots.2.W,,
short_circuit,1,shots.2.tap,,
short_circuit,1,shots.2.peak,,
short_circuit,1,shots.2.rms_U,,
short_circuit,1,shots.2.rms_V,,
short_circuit,1,shots.2.rms_W,,
short_circuit,1,shots.2.rms_avg,,
short_circuit,1,shots.2.duration,,
short_circuit,1,shots.2.SE,,
short_circuit,1,shots.3.osc,,
short_circuit,1,shots.3.dial,,
short_circuit,1,shots.3.U,,
short_circuit,1,shots.3.V,,
short_circuit,1,shots.3.W,,
short_circuit,1,shots.3.tap,,
short_circuit,1,shots.3.peak,,
short_circuit,1,shots.3.rms_U,,
short_circuit,1,shots.3.rms_V,,
short_circuit,1,shots.3.rms_W,,
short_circuit,1,shots.3.rms_avg,,
short_circuit,1,shots.3.duration,,
short_circuit,1,shots.3.SE,,
short_circuit,1,shots.4.osc,,
short_circuit,1,shots.4.dial,,
short_circuit,1,shots.4.U,,
short_circuit,1,shots.4.V,,
short_circuit,1,shots.4.W,,
short_circuit,1,shots.4.tap,,
short_circuit,1,shots.4.peak,,
short_circuit,1,shots.4.rms_U,,
short_circuit,1,shots.4.rms_V,,
short_circuit,1,shots.4.rms_W,,
short_circuit,1,shots.4.rms_avg,,
short_circuit,1,shots.4.duration,,
short_circuit,1,shots.4.SE,,
short_circuit,1,shots.5.osc,,
short_circuit,1,shots.5.dial,,
short_circuit,1,shots.5.U,,
short_circuit,1,shots.5.V,,
short_circuit,1,shots.5.W,,
short_circuit,1,shots.5.tap,,
short_circuit,1,shots.5.peak,,
short_circuit,1,shots.5.rms_U,,
short_circuit,1,shots.5.rms_V,,
short_circuit,1,shots.5.rms_W,,
short_circuit,1,shots.5.rms_avg,,
short_circuit,1,shots.5.duration,,
short_circuit,1,shots.5.SE,,
short_circuit,1,shots.6.osc,,
short_circuit,1,shots.6.dial,,
short_circuit,1,shots.6.U,,
short_circuit,1,shots.6.V,,
short_circuit,1,shots.6.W,,
short_circuit,1,shots.6.tap,,
short_circuit,1,shots.6.peak,,
short_circuit,1,shots.6.rms_U,,
short_circuit,1,shots.6.rms_V,,
short_circuit,1,shots.6.rms_W,,
short_circuit,1,shots.6.rms_avg,,
short_circuit,1,shots.6.duration,,
short_circuit,1,shots.6.SE,,
short_circuit,1,shots.7.osc,,
short_circuit,1,shots.7.dial,,
short_circuit,1,shots.7.U,,
short_circuit,1,shots.7.V,,
short_circuit,1,shots.7.W,,
short_circuit,1,shots.7.tap,,
short_circuit,1,shots.7.peak,,
short_circuit,1,shots.7.rms_U,,
short_circuit,1,shots.7.rms_V,,
short_circuit,1,shots.7.rms_W,,
short_circuit,1,shots.7.rms_avg,,
short_circuit,1,shots.7.duration,,
short_circuit,1,shots.7.SE,,
short_circuit,1,shots.8.osc,,
short_circuit,1,shots.8.dial,,
short_circuit,1,shots.8.U,,
short_circuit,1,shots.8.V,,
short_circuit,1,shots.8.W,,
short_circuit,1,shots.8.tap,,
short_circuit,1,shots.8.peak,,
short_circuit,1,shots.8.rms_U,,
short_circuit,1,shots.8.rms_V,,
short_circuit,1,shots.8.rms_W,,
short_circuit,1,shots.8.rms_avg,,
short_circuit,1,shots.8.duration,,
short_circuit,1,shots.8.SE,,
short_circuit,1,shots.9.osc,,
short_circuit,1,shots.9.dial,,
short_circuit,1,shots.9.U,,
short_circuit,1,shots.9.V,,
short_circuit,1,shots.9.W,,
short_circuit,1,shots.9.tap,,
short_circuit,1,shots.9.peak,,
short_circuit,1,shots.9.rms_U,,
short_circuit,1,shots.9.rms_V,,
short_circuit,1,shots.9.rms_W,,
short_circuit,1,shots.9.rms_avg,,
short_circuit,1,shots.9.duration,,
short_circuit,1,shots.9.SE,,
short_circuit,1,shots.10.osc,,
short_circuit,1,shots.10.dial,,
short_circuit,1,shots.10.U,,
short_circuit,1,shots.10.V,,
short_circuit,1,shots.10.W,,
short_circuit,1,shots.10.tap,,
short_circuit,1,shots.10.peak,,
short_circuit,1,shots.10.rms_U,,
short_circuit,1,shots.10.rms_V,,
short_circuit,1,shots.10.rms_W,,
short_circuit,1,shots.10.rms_avg,,
short_circuit,1,shots.10.duration,,
short_circuit,1,shots.10.SE,,
loss_measurement,1,series,SYN-SERIES-002,
loss_measurement,1,sample_code,SYN-UNSEEN-002,
loss_measurement,1,serial,SYN-2042,
loss_measurement,1,customer,SYNTHETIC SECOND FORM - Example Grid Labs,
loss_measurement,1,manufacturer,,
loss_measurement,1,date_BT,07-10-2026,
loss_measurement,1,date_AT,07-10-2026,
loss_measurement,1,rated_power,,
loss_measurement,1,rated_hv,,
loss_measurement,1,rated_lv,,
loss_measurement,1,top_oil_BT,,
loss_measurement,1,top_oil_AT,,
loss_measurement,1,bottom_oil_BT,,
loss_measurement,1,bottom_oil_AT,,
loss_measurement,1,no_load_100_voltage,433,V
loss_measurement,1,no_load_100_current,,
loss_measurement,1,no_load_100_percent,0.51,%
loss_measurement,1,no_load_100_limit_A,,
loss_measurement,1,no_load_100_limit_percent,2.00,%
loss_measurement,1,no_load_100_observation,,
loss_measurement,1,no_load_112_voltage,,
loss_measurement,1,no_load_112_current,,
loss_measurement,1,no_load_112_percent,1.31,%
loss_measurement,1,no_load_112_limit_A,,
loss_measurement,1,no_load_112_limit_percent,2.00,%
loss_measurement,1,no_load_112_observation,,
loss_measurement,1,half_load_table,,
loss_measurement,1,load_measurement_table,,
loss_measurement,1,customer_signature,,
loss_measurement,1,engineer_signature_present,,
loss_measurement,1,hv_resistance.0.tap,N,
loss_measurement,1,hv_resistance.0.BT_1,3.9935,Ω
loss_measurement,1,hv_resistance.0.BT_2,3.9004,Ω
loss_measurement,1,hv_resistance.0.BT_3,3.8896,Ω
loss_measurement,1,hv_resistance.0.AT_1,4.0089,Ω
loss_measurement,1,hv_resistance.0.AT_2,3.9178,Ω
loss_measurement,1,hv_resistance.0.AT_3,3.9047,Ω
loss_measurement,1,hv_resistance.1.tap,H,
loss_measurement,1,hv_resistance.1.BT_1,4.1566,Ω
loss_measurement,1,hv_resistance.1.BT_2,4.1027,Ω
loss_measurement,1,hv_resistance.1.BT_3,4.2293,Ω
loss_measurement,1,hv_resistance.1.AT_1,4.1736,Ω
loss_measurement,1,hv_resistance.1.AT_2,4.1190,Ω
loss_measurement,1,hv_resistance.1.AT_3,4.2513,Ω
loss_measurement,1,hv_resistance.2.tap,L,
loss_measurement,1,hv_resistance.2.BT_1,3.5157,Ω
loss_measurement,1,hv_resistance.2.BT_2,3.5575,Ω
loss_measurement,1,hv_resistance.2.BT_3,3.5742,Ω
loss_measurement,1,hv_resistance.2.AT_1,3.5291,Ω
loss_measurement,1,hv_resistance.2.AT_2,3.5718,Ω
loss_measurement,1,hv_resistance.2.AT_3,3.5907,Ω
loss_measurement,1,lv_resistance.0.BT_1,3.8445,mΩ
loss_measurement,1,lv_resistance.0.BT_2,3.8998,mΩ
loss_measurement,1,lv_resistance.0.BT_3,3.8840,mΩ
loss_measurement,1,lv_resistance.0.AT_1,3.8697,mΩ
loss_measurement,1,lv_resistance.0.AT_2,3.9194,mΩ
loss_measurement,1,lv_resistance.0.AT_3,3.9013,mΩ
loss_measurement,1,no_load.0.stage,,
loss_measurement,1,no_load.0.V12,,
loss_measurement,1,no_load.0.V23,,
loss_measurement,1,no_load.0.V31,,
loss_measurement,1,no_load.0.Vavg,,
loss_measurement,1,no_load.0.I1,,
loss_measurement,1,no_load.0.I2,,
loss_measurement,1,no_load.0.I3,,
loss_measurement,1,no_load.0.Iavg,,
loss_measurement,1,no_load.0.W1,,
loss_measurement,1,no_load.0.W2,,
loss_measurement,1,no_load.0.W3,,
loss_measurement,1,no_load.0.Wtotal,,
loss_measurement,1,no_load.0.f,,
loss_measurement,1,no_load.0.Vff,,
loss_measurement,1,no_load.1.stage,,
loss_measurement,1,no_load.1.V12,,
loss_measurement,1,no_load.1.V23,,
loss_measurement,1,no_load.1.V31,,
loss_measurement,1,no_load.1.Vavg,,
loss_measurement,1,no_load.1.I1,,
loss_measurement,1,no_load.1.I2,,
loss_measurement,1,no_load.1.I3,,
loss_measurement,1,no_load.1.Iavg,,
loss_measurement,1,no_load.1.W1,,
loss_measurement,1,no_load.1.W2,,
loss_measurement,1,no_load.1.W3,,
loss_measurement,1,no_load.1.Wtotal,,
loss_measurement,1,no_load.1.f,,
loss_measurement,1,no_load.1.Vff,,
loss_measurement,1,no_load.2.stage,,
loss_measurement,1,no_load.2.V12,,
loss_measurement,1,no_load.2.V23,,
loss_measurement,1,no_load.2.V31,,
loss_measurement,1,no_load.2.Vavg,,
loss_measurement,1,no_load.2.I1,,
loss_measurement,1,no_load.2.I2,,
loss_measurement,1,no_load.2.I3,,
loss_measurement,1,no_load.2.Iavg,,
loss_measurement,1,no_load.2.W1,,
loss_measurement,1,no_load.2.W2,,
loss_measurement,1,no_load.2.W3,,
loss_measurement,1,no_load.2.Wtotal,,
loss_measurement,1,no_load.2.f,,
loss_measurement,1,no_load.2.Vff,,
loss_measurement,1,no_load.3.stage,,
loss_measurement,1,no_load.3.V12,,
loss_measurement,1,no_load.3.V23,,
loss_measurement,1,no_load.3.V31,,
loss_measurement,1,no_load.3.Vavg,,
loss_measurement,1,no_load.3.I1,,
loss_measurement,1,no_load.3.I2,,
loss_measurement,1,no_load.3.I3,,
loss_measurement,1,no_load.3.Iavg,,
loss_measurement,1,no_load.3.W1,,
loss_measurement,1,no_load.3.W2,,
loss_measurement,1,no_load.3.W3,,
loss_measurement,1,no_load.3.Wtotal,,
loss_measurement,1,no_load.3.f,,
loss_measurement,1,no_load.3.Vff,,
loss_measurement,1,no_load.4.stage,,
loss_measurement,1,no_load.4.V12,,
loss_measurement,1,no_load.4.V23,,
loss_measurement,1,no_load.4.V31,,
loss_measurement,1,no_load.4.Vavg,,
loss_measurement,1,no_load.4.I1,,
loss_measurement,1,no_load.4.I2,,
loss_measurement,1,no_load.4.I3,,
loss_measurement,1,no_load.4.Iavg,,
loss_measurement,1,no_load.4.W1,,
loss_measurement,1,no_load.4.W2,,
loss_measurement,1,no_load.4.W3,,
loss_measurement,1,no_load.4.Wtotal,,
loss_measurement,1,no_load.4.f,,
loss_measurement,1,no_load.4.Vff,,
temperature_rise,1,series,SYN-SERIES-002,
temperature_rise,1,sample_code,SYN-UNSEEN-002,
temperature_rise,1,customer,SYNTHETIC SECOND FORM - Example Grid Labs,
temperature_rise,1,rated_power,,
temperature_rise,1,phases,,
temperature_rise,1,rated_hv,,
temperature_rise,1,rated_lv,,
temperature_rise,1,standard,,
temperature_rise,1,condition,,
temperature_rise,1,test_dates,07-10-2026,
temperature_rise,1,oil_cooled,,
temperature_rise,1,source_three_phase,,
temperature_rise,1,method,,
temperature_rise,1,supply_side,,
temperature_rise,1,shorted_side,,
temperature_rise,1,no_load_loss,,
temperature_rise,1,full_load_loss,,
temperature_rise,1,total_loss,,
temperature_rise,1,tap_count,,
temperature_rise,1,selected_tap,,
temperature_rise,1,selected_current,,
temperature_rise,1,cold_hv_resistance,,
temperature_rise,1,cold_lv_resistance,,
temperature_rise,1,cold_ambient,,
temperature_rise,1,top_oil_rise,26.1,K
temperature_rise,1,time_series.0.hour,,
temperature_rise,1,time_series.0.time,,
temperature_rise,1,time_series.0.loss,,
temperature_rise,1,time_series.0.top_oil,25,degC
temperature_rise,1,time_series.0.bottom_oil,25,degC
temperature_rise,1,time_series.0.ambient_1,25.0,degC
temperature_rise,1,time_series.0.ambient_2,25.0,degC
temperature_rise,1,time_series.0.ambient_3,25.0,degC
temperature_rise,1,time_series.1.hour,,
temperature_rise,1,time_series.1.time,,
temperature_rise,1,time_series.1.loss,,
temperature_rise,1,time_series.1.top_oil,,
temperature_rise,1,time_series.1.bottom_oil,,
temperature_rise,1,time_series.1.ambient_1,,
temperature_rise,1,time_series.1.ambient_2,,
temperature_rise,1,time_series.1.ambient_3,,
temperature_rise,1,time_series.2.hour,,
temperature_rise,1,time_series.2.time,,
temperature_rise,1,time_series.2.loss,,
temperature_rise,1,time_series.2.top_oil,,
temperature_rise,1,time_series.2.bottom_oil,,
temperature_rise,1,time_series.2.ambient_1,,
temperature_rise,1,time_series.2.ambient_2,,
temperature_rise,1,time_series.2.ambient_3,,
temperature_rise,1,time_series.3.hour,,
temperature_rise,1,time_series.3.time,,
temperature_rise,1,time_series.3.loss,,
temperature_rise,1,time_series.3.top_oil,31,degC
temperature_rise,1,time_series.3.bottom_oil,31,degC
temperature_rise,1,time_series.3.ambient_1,25.3,degC
temperature_rise,1,time_series.3.ambient_2,25.3,degC
temperature_rise,1,time_series.3.ambient_3,25.3,degC
temperature_rise,1,time_series.4.hour,,
temperature_rise,1,time_series.4.time,,
temperature_rise,1,time_series.4.loss,,
temperature_rise,1,time_series.4.top_oil,,
temperature_rise,1,time_series.4.bottom_oil,,
temperature_rise,1,time_series.4.ambient_1,,
temperature_rise,1,time_series.4.ambient_2,,
temperature_rise,1,time_series.4.ambient_3,,
temperature_rise,1,time_series.5.hour,,
temperature_rise,1,time_series.5.time,,
temperature_rise,1,time_series.5.loss,,
temperature_rise,1,time_series.5.top_oil,,
temperature_rise,1,time_series.5.bottom_oil,,
temperature_rise,1,time_series.5.ambient_1,,
temperature_rise,1,time_series.5.ambient_2,,
temperature_rise,1,time_series.5.ambient_3,,
temperature_rise,1,time_series.6.hour,,
temperature_rise,1,time_series.6.time,,
temperature_rise,1,time_series.6.loss,,
temperature_rise,1,time_series.6.top_oil,37,degC
temperature_rise,1,time_series.6.bottom_oil,37,degC
temperature_rise,1,time_series.6.ambient_1,25.6,degC
temperature_rise,1,time_series.6.ambient_2,25.6,degC
temperature_rise,1,time_series.6.ambient_3,25.6,degC
temperature_rise,1,time_series.7.hour,,
temperature_rise,1,time_series.7.time,,
temperature_rise,1,time_series.7.loss,,
temperature_rise,1,time_series.7.top_oil,,
temperature_rise,1,time_series.7.bottom_oil,,
temperature_rise,1,time_series.7.ambient_1,,
temperature_rise,1,time_series.7.ambient_2,,
temperature_rise,1,time_series.7.ambient_3,,
temperature_rise,1,time_series.8.hour,,
temperature_rise,1,time_series.8.time,,
temperature_rise,1,time_series.8.loss,,
temperature_rise,1,time_series.8.top_oil,,
temperature_rise,1,time_series.8.bottom_oil,,
temperature_rise,1,time_series.8.ambient_1,,
temperature_rise,1,time_series.8.ambient_2,,
temperature_rise,1,time_series.8.ambient_3,,
temperature_rise,1,time_series.9.hour,,
temperature_rise,1,time_series.9.time,,
temperature_rise,1,time_series.9.loss,,
temperature_rise,1,time_series.9.top_oil,43,degC
temperature_rise,1,time_series.9.bottom_oil,43,degC
temperature_rise,1,time_series.9.ambient_1,25.9,degC
temperature_rise,1,time_series.9.ambient_2,25.9,degC
temperature_rise,1,time_series.9.ambient_3,25.9,degC
temperature_rise,1,time_series.10.hour,,
temperature_rise,1,time_series.10.time,,
temperature_rise,1,time_series.10.loss,,
temperature_rise,1,time_series.10.top_oil,,
temperature_rise,1,time_series.10.bottom_oil,,
temperature_rise,1,time_series.10.ambient_1,,
temperature_rise,1,time_series.10.ambient_2,,
temperature_rise,1,time_series.10.ambient_3,,
temperature_rise,1,time_series.11.hour,,
temperature_rise,1,time_series.11.time,,
temperature_rise,1,time_series.11.loss,,
temperature_rise,1,time_series.11.top_oil,,
temperature_rise,1,time_series.11.bottom_oil,,
temperature_rise,1,time_series.11.ambient_1,,
temperature_rise,1,time_series.11.ambient_2,,
temperature_rise,1,time_series.11.ambient_3,,
temperature_rise,1,time_series.12.hour,,
temperature_rise,1,time_series.12.time,,
temperature_rise,1,time_series.12.loss,,
temperature_rise,1,time_series.12.top_oil,49,degC
temperature_rise,1,time_series.12.bottom_oil,49,degC
temperature_rise,1,time_series.12.ambient_1,26.2,degC
temperature_rise,1,time_series.12.ambient_2,26.2,degC
temperature_rise,1,time_series.12.ambient_3,26.2,degC
temperature_rise,1,time_series.13.hour,,
temperature_rise,1,time_series.13.time,,
temperature_rise,1,time_series.13.loss,,
temperature_rise,1,time_series.13.top_oil,,
temperature_rise,1,time_series.13.bottom_oil,,
temperature_rise,1,time_series.13.ambient_1,,
temperature_rise,1,time_series.13.ambient_2,,
temperature_rise,1,time_series.13.ambient_3,,
temperature_rise,1,time_series.14.hour,,
temperature_rise,1,time_series.14.time,,
temperature_rise,1,time_series.14.loss,,
temperature_rise,1,time_series.14.top_oil,,
temperature_rise,1,time_series.14.bottom_oil,,
temperature_rise,1,time_series.14.ambient_1,,
temperature_rise,1,time_series.14.ambient_2,,
temperature_rise,1,time_series.14.ambient_3,,
temperature_rise,2,step2_rated_current,,
temperature_rise,2,duration,,
temperature_rise,2,material,,
temperature_rise,2,coefficient,,
temperature_rise,2,correction_factor,,
temperature_rise,2,hv_hot_resistance,,
temperature_rise,2,hv_cold_resistance,,
temperature_rise,2,lv_hot_resistance,,
temperature_rise,2,lv_cold_resistance,,
temperature_rise,2,cold_temperature,,
temperature_rise,2,ambient_at_end,,
temperature_rise,2,hv_winding_rise,39.4,K
temperature_rise,2,lv_winding_rise,34.3,K
temperature_rise,2,hv_observation,,
temperature_rise,2,lv_observation,,
temperature_rise,2,instrument_serials,SYN-INSTR-001,
temperature_rise,2,engineer_signature_present,,
temperature_rise,2,raw_shutdown_resistance_table,,
pressure_oil_leakage,1,series,SYN-SERIES-002,
pressure_oil_leakage,1,customer,SYNTHETIC SECOND FORM - Example Grid Labs,
pressure_oil_leakage,1,rated_power,,
pressure_oil_leakage,1,rated_hv,,
pressure_oil_leakage,1,rated_lv,,
pressure_oil_leakage,1,standard,,
pressure_oil_leakage,1,phase,,
pressure_oil_leakage,1,tank,,
pressure_oil_leakage,1,sealed,,
pressure_oil_leakage,1,condition_pressure,,
pressure_oil_leakage,1,ambient_pressure,,
pressure_oil_leakage,1,sample_pressure,,
pressure_oil_leakage,1,pressure_date,07-10-2026,
pressure_oil_leakage,1,routine_pressure,80,kPa
pressure_oil_leakage,1,routine_pressure_duration,,
pressure_oil_leakage,1,routine_pressure_observation,No leakage at any point,
pressure_oil_leakage,1,type_pressure,80,kPa
pressure_oil_leakage,1,vacuum,500,mmHg
pressure_oil_leakage,1,type_pressure_duration,30,min
pressure_oil_leakage,1,pressure_deflection_result,1.08,mm
pressure_oil_leakage,1,vacuum_deflection_result,2.87,mm
pressure_oil_leakage,1,vacuum_duration,30,min
pressure_oil_leakage,1,type_date,07-10-2026,
pressure_oil_leakage,1,permissible_deflection_small,,
pressure_oil_leakage,1,permissible_deflection_mid,,
pressure_oil_leakage,1,permissible_deflection_large,,
pressure_oil_leakage,1,permissible_deflection_largest,,
pressure_oil_leakage,1,applied_through,,
pressure_oil_leakage,1,type_observation,,
pressure_oil_leakage,1,condition_oil,,
pressure_oil_leakage,1,ambient_oil,,
pressure_oil_leakage,1,sample_oil,,
pressure_oil_leakage,1,oil_pressure,,
pressure_oil_leakage,1,oil_date,07-10-2026,
pressure_oil_leakage,1,oil_routine_pressure,,
pressure_oil_leakage,1,oil_test_pressure,,
pressure_oil_leakage,1,oil_duration,,
pressure_oil_leakage,1,oil_observation,No leakage at any point,
pressure_oil_leakage,1,instrument_serials,SYN-INSTR-001,
pressure_oil_leakage,1,engineer_signature_present,,
pressure_oil_leakage,1,correction_note,,
pressure_oil_leakage,1,deflection.0.point,,
pressure_oil_leakage,1,deflection.0.initial,,
pressure_oil_leakage,1,deflection.0.final,,
pressure_oil_leakage,1,deflection.0.difference,,
pressure_oil_leakage,1,deflection.1.point,,
pressure_oil_leakage,1,deflection.1.initial,,
pressure_oil_leakage,1,deflection.1.final,,
pressure_oil_leakage,1,deflection.1.difference,,
pressure_oil_leakage,1,deflection.2.point,,
pressure_oil_leakage,1,deflection.2.initial,,
pressure_oil_leakage,1,deflection.2.final,,
pressure_oil_leakage,1,deflection.2.difference,,
pressure_oil_leakage,1,deflection.3.point,,
pressure_oil_leakage,1,deflection.3.initial,,
pressure_oil_leakage,1,deflection.3.final,,
pressure_oil_leakage,1,deflection.3.difference,,
pressure_oil_leakage,1,deflection.4.point,,
pressure_oil_leakage,1,deflection.4.initial,,
pressure_oil_leakage,1,deflection.4.final,,
pressure_oil_leakage,1,deflection.4.difference,,
pressure_oil_leakage,1,deflection.5.point,,
pressure_oil_leakage,1,deflection.5.initial,,
pressure_oil_leakage,1,deflection.5.final,,
pressure_oil_leakage,1,deflection.5.difference,,
pressure_oil_leakage,1,deflection.6.point,,
pressure_oil_leakage,1,deflection.6.initial,,
pressure_oil_leakage,1,deflection.6.final,,
pressure_oil_leakage,1,deflection.6.difference,,
pressure_oil_leakage,1,deflection.7.point,,
pressure_oil_leakage,1,deflection.7.initial,,
pressure_oil_leakage,1,deflection.7.final,,
pressure_oil_leakage,1,deflection.7.difference,,
pressure_oil_leakage,1,deflection.8.point,,
pressure_oil_leakage,1,deflection.8.initial,,
pressure_oil_leakage,1,deflection.8.final,,
pressure_oil_leakage,1,deflection.8.difference,,
pressure_oil_leakage,1,deflection.9.point,,
pressure_oil_leakage,1,deflection.9.initial,,
pressure_oil_leakage,1,deflection.9.final,,
pressure_oil_leakage,1,deflection.9.difference,,
pressure_oil_leakage,1,deflection.10.point,,
pressure_oil_leakage,1,deflection.10.initial,,
pressure_oil_leakage,1,deflection.10.final,,
pressure_oil_leakage,1,deflection.10.difference,,
pressure_oil_leakage,1,deflection.11.point,,
pressure_oil_leakage,1,deflection.11.initial,,
pressure_oil_leakage,1,deflection.11.final,,
pressure_oil_leakage,1,deflection.11.difference,,
